{"cameraMode":{"drawMode":0,"name":"Shaded","section":"Shading Mode"},"sceneLighting":true,"audioPlay":false,"sceneViewState":{"showFog":true,"showMaterialUpdate":false,"showSkybox":true,"showFlares":true,"showImageEffects":true,"showParticleSystems":true},"in2DMode":false,"pivot":{"x":0.6742322444915772,"y":0.5645704865455627,"z":8.192458152770996},"rotation":{"x":0.0754210501909256,"y":-0.9202730655670166,"z":0.3139881193637848,"w":0.22111548483371736},"size":1.6255449056625367,"orthographic":true}